{
  "words": [
    "cat",
    "dog",
    "happy",
    "sad",
    "joyful",
    "big",
    "small",
    "run",
    "walk",
    "think",
    "speak",
    "0",
    "1",
    "2",
    "3",
    "the",
    "a",
    ".",
    ","
  ],
  "correlations": {
    "Standard (Dot Product)": 0.9813474779557889,
    "Phase Attention": 0.952020973036188,
    "Amp-Weighted Phase": 0.9740890164121255,
    "Complex Attention": 0.9812546460925777
  },
  "group_analysis": {
    "Standard (Dot Product)": {
      "animals": {
        "within": 0.05299635976552963,
        "between": 0.05254643191309536,
        "ratio": 1.0085622895871498
      },
      "emotions": {
        "within": 0.052933561926086746,
        "between": 0.05252976715564728,
        "ratio": 1.007686778667327
      },
      "size": {
        "within": 0.052976030856370926,
        "between": 0.05254346296629485,
        "ratio": 1.008232381029582
      },
      "verbs": {
        "within": 0.052696444715062775,
        "between": 0.05253369857867559,
        "ratio": 1.0030977469664732
      },
      "numbers": {
        "within": 0.05318726226687431,
        "between": 0.05245587763686975,
        "ratio": 1.0139426604515314
      }
    },
    "Phase Attention": {
      "animals": {
        "within": 0.06426763162016869,
        "between": 0.047568569945938444,
        "ratio": 1.351052137633889
      },
      "emotions": {
        "within": 0.0611173032472531,
        "between": 0.046830346497396626,
        "ratio": 1.305078752724223
      },
      "size": {
        "within": 0.06281543523073196,
        "between": 0.04762300772263723,
        "ratio": 1.319014170764595
      },
      "verbs": {
        "within": 0.05253878111640612,
        "between": 0.047605286724865435,
        "ratio": 1.1036330982254712
      },
      "numbers": {
        "within": 0.07352892061074574,
        "between": 0.04418314304202795,
        "ratio": 1.6641845488212095
      }
    },
    "Amp-Weighted Phase": {
      "animals": {
        "within": 0.06976591795682907,
        "between": 0.047294877031270194,
        "ratio": 1.4751260090906146
      },
      "emotions": {
        "within": 0.06620504520833492,
        "between": 0.046251228312030435,
        "ratio": 1.4314221115916435
      },
      "size": {
        "within": 0.06682228296995163,
        "between": 0.04752692941795377,
        "ratio": 1.4059875049456445
      },
      "verbs": {
        "within": 0.05372826444605986,
        "between": 0.047426269265512626,
        "ratio": 1.1328796034212598
      },
      "numbers": {
        "within": 0.08023618596295516,
        "between": 0.04309807351479928,
        "ratio": 1.8617112274935188
      }
    },
    "Complex Attention": {
      "animals": {
        "within": 0.05314776860177517,
        "between": 0.05251078603460508,
        "ratio": 1.0121303163400974
      },
      "emotions": {
        "within": 0.053058729196588196,
        "between": 0.05248724948614836,
        "ratio": 1.0108877795494475
      },
      "size": {
        "within": 0.05311889573931694,
        "between": 0.052506546982947516,
        "ratio": 1.0116621388176013
      },
      "verbs": {
        "within": 0.05272283932814995,
        "between": 0.05249269331494967,
        "ratio": 1.004384152437711
      },
      "numbers": {
        "within": 0.05341840752710899,
        "between": 0.05238261067618926,
        "ratio": 1.0197734828374203
      }
    }
  }
}